{"cameraMode":{"drawMode":0,"name":"Shaded","section":"Shading Mode"},"sceneLighting":true,"audioPlay":false,"sceneViewState":{"m_AlwaysRefresh":false,"showFog":true,"showSkybox":true,"showFlares":true,"showImageEffects":true,"showParticleSystems":true,"showVisualEffectGraphs":true,"m_FxEnabled":true},"in2DMode":false,"pivot":{"x":-12.44079303741455,"y":1.1872103214263917,"z":5.152059078216553},"rotation":{"x":0.0018042721785604954,"y":0.23215113580226899,"z":-0.00023716881696600467,"w":0.9729017615318298},"size":1.4313843250274659,"orthographic":false}