{"cameraMode":{"drawMode":0,"name":"Shaded","section":"Shading Mode"},"sceneLighting":true,"audioPlay":false,"sceneViewState":{"m_AlwaysRefresh":false,"showFog":true,"showSkybox":true,"showFlares":true,"showImageEffects":true,"showParticleSystems":true,"showVisualEffectGraphs":true,"m_FxEnabled":true},"in2DMode":false,"pivot":{"x":-1.9994797706604005,"y":0.7108952403068543,"z":-8.402507781982422},"rotation":{"x":-0.002108457498252392,"y":-0.007471874356269836,"z":0.00009634058369556442,"w":-1.0000829696655274},"size":0.41674238443374636,"orthographic":false}