{"cameraMode":{"drawMode":0,"name":"Shaded","section":"Shading Mode"},"sceneLighting":true,"audioPlay":false,"sceneViewState":{"m_AlwaysRefresh":false,"showFog":true,"showSkybox":true,"showFlares":true,"showImageEffects":true,"showParticleSystems":true,"showVisualEffectGraphs":true,"m_FxEnabled":true},"in2DMode":false,"pivot":{"x":6.148086071014404,"y":1.888001561164856,"z":17.865154266357423},"rotation":{"x":0.01170966774225235,"y":-0.0006232332671061158,"z":0.00011908251326531172,"w":1.0000207424163819},"size":2.364071846008301,"orthographic":false}