{"cameraMode":{"drawMode":0,"name":"Shaded","section":"Shading Mode"},"sceneLighting":true,"audioPlay":false,"sceneViewState":{"m_AlwaysRefresh":false,"showFog":true,"showSkybox":true,"showFlares":true,"showImageEffects":true,"showParticleSystems":true,"showVisualEffectGraphs":true,"m_FxEnabled":true},"in2DMode":false,"pivot":{"x":2.2944319248199465,"y":2.2342584133148195,"z":0.48507219552993777},"rotation":{"x":-0.026101307943463327,"y":0.25166794657707217,"z":-0.006952058058232069,"w":-0.9676039218902588},"size":0.6526139974594116,"orthographic":false}