{"cameraMode":{"drawMode":0,"name":"Shaded","section":"Shading Mode"},"sceneLighting":true,"audioPlay":false,"sceneViewState":{"m_AlwaysRefresh":false,"showFog":true,"showSkybox":true,"showFlares":true,"showImageEffects":true,"showParticleSystems":true,"showVisualEffectGraphs":true,"m_FxEnabled":true},"in2DMode":false,"pivot":{"x":110.55585479736328,"y":-10.509531021118164,"z":-48.635719299316409},"rotation":{"x":0.024451185017824174,"y":0.8284412622451782,"z":-0.03633612394332886,"w":0.5584334135055542},"size":73.2833023071289,"orthographic":false}