{"cameraMode":{"drawMode":0,"name":"Shaded","section":"Shading Mode"},"sceneLighting":true,"audioPlay":false,"sceneViewState":{"m_AlwaysRefresh":false,"showFog":true,"showSkybox":true,"showFlares":true,"showImageEffects":true,"showParticleSystems":true,"showVisualEffectGraphs":true,"m_FxEnabled":true},"in2DMode":false,"pivot":{"x":5.7524309158325199,"y":1.8514890670776368,"z":-2.4917125701904299},"rotation":{"x":-0.019455790519714357,"y":0.9765554070472717,"z":-0.10026153922080994,"w":-0.18953321874141694},"size":16.958812713623048,"orthographic":false}