{"cameraMode":{"drawMode":0,"name":"Shaded","section":"Shading Mode"},"sceneLighting":true,"audioPlay":false,"sceneViewState":{"m_AlwaysRefresh":false,"showFog":true,"showSkybox":true,"showFlares":true,"showImageEffects":true,"showParticleSystems":true,"showVisualEffectGraphs":true,"m_FxEnabled":true},"in2DMode":false,"pivot":{"x":21.524246215820314,"y":-0.5829612016677856,"z":7.483451843261719},"rotation":{"x":0.026010029017925264,"y":0.841563880443573,"z":-0.040687792003154758,"w":0.5379930138587952},"size":15.435541152954102,"orthographic":false}