{"cameraMode":{"drawMode":0,"name":"Shaded","section":"Shading Mode"},"sceneLighting":true,"audioPlay":false,"sceneViewState":{"m_AlwaysRefresh":false,"showFog":true,"showSkybox":true,"showFlares":true,"showImageEffects":true,"showParticleSystems":true,"showVisualEffectGraphs":true,"m_FxEnabled":true},"in2DMode":false,"pivot":{"x":180.70738220214845,"y":-70.87274932861328,"z":-319.9776306152344},"rotation":{"x":0.02373068779706955,"y":0.9638364911079407,"z":-0.09134013950824738,"w":0.24937337636947633},"size":202.13815307617188,"orthographic":false}