{"cameraMode":{"drawMode":0,"name":"Shaded","section":"Shading Mode"},"sceneLighting":true,"audioPlay":false,"sceneViewState":{"m_AlwaysRefresh":false,"showFog":true,"showSkybox":true,"showFlares":true,"showImageEffects":true,"showParticleSystems":true,"showVisualEffectGraphs":true,"m_FxEnabled":true},"in2DMode":false,"pivot":{"x":25.858022689819337,"y":7.879586219787598,"z":6.0058207511901859},"rotation":{"x":-0.013807117007672787,"y":-0.43551644682884219,"z":-0.0065736835822463039,"w":0.9001495242118836},"size":-4.764071941375732,"orthographic":false}