{"cameraMode":{"drawMode":0,"name":"Shaded","section":"Shading Mode"},"sceneLighting":false,"audioPlay":false,"sceneViewState":{"m_AlwaysRefresh":false,"showFog":true,"showSkybox":false,"showFlares":true,"showImageEffects":true,"showParticleSystems":true,"showVisualEffectGraphs":true,"m_FxEnabled":true},"in2DMode":false,"pivot":{"x":0.1413416564464569,"y":3.141789674758911,"z":3.1534218788146974},"rotation":{"x":-0.006816890090703964,"y":0.993249237537384,"z":-0.07794919610023499,"w":-0.08807183802127838},"size":0.8313844203948975,"orthographic":false}