{"cameraMode":{"drawMode":0,"name":"Shaded","section":"Shading Mode"},"sceneLighting":true,"audioPlay":false,"sceneViewState":{"m_AlwaysRefresh":false,"showFog":true,"showSkybox":false,"showFlares":true,"showImageEffects":true,"showParticleSystems":true,"showVisualEffectGraphs":true,"m_FxEnabled":true},"in2DMode":false,"pivot":{"x":15.461844444274903,"y":-0.6559988856315613,"z":-0.515307605266571},"rotation":{"x":0.017397776246070863,"y":0.9819929599761963,"z":-0.11304809898138046,"w":0.15150479972362519},"size":0.5700638294219971,"orthographic":false}